Comments,Processed Comments
"they could qualify sana for the affordable housing, baka may way if wala silang pag-ibig contributions. pero mas napupunta kasi doon sa may balak pang gawing rental/airbnb","['they could qualify sana for the affordable housing, baka may way if wala silang pag-ibig contributions. pero mas napupunta', 'kasi doon sa may balak pang gawing rental/airbnb']"
The fact na merong purok leader means aware ang LGU na meron mga nakatira dyan at hinayaan lang nila. ano na Yorme? Puro lang pala salita lol,"['The fact na merong purok leader means aware ang LGU na meron mga nakatira dyan at hinayaan lang nila. ano na Yorme?', 'Puro lang pala salita lol']"
grabe yung jumper na tubig at kuryente if ever loss ng companies na ichacharge sa actual na users,['grabe yung jumper na tubig at kuryente if ever loss ng companies na ichacharge sa actual na users']
"ito yong causes niya kaya nagkaganyan include weak structural designs, the use of low-quality materials, poor construction practices, and unstable foundations.","['ito yong causes niya', 'kaya nagkaganyan include weak structural designs, the use of low-quality materials, poor construction practices, and unstable foundations.']"
so paano nagkaroon ng permit yan??????,['so paano nagkaroon ng permit yan??????']
Damn bumabawi si Senator Erwin! Im all for him now.,"['Damn bumabawi si Senator Erwin!', 'Im all for him now.']"
Both side have their own AGENDA. Wala na makakapagpabangon ng image ng senate.,"['Both side have their own AGENDA.', 'Wala na makakapagpabangon ng image ng senate.']"
"well Cayetano wants bato to attend pero online! LIKE WHAT??? And Cayetano added pa na mag botohan raw kung sino ang agree!! That's why Risa, Bam, Lito, Win and other senators walked out.","['well Cayetano wants bato to attend', 'pero online!', 'LIKE WHAT???', 'And Cayetano added pa na mag botohan raw kung sino ang agree!!', 'That's why Risa, Bam, Lito, Win and other senators walked out.']"
Sa dami ng nangyayari nakakalimutan na ata yung issue about flood control,['Sa dami ng nangyayari nakakalimutan na ata yung issue about flood control']
Tama ba pagkakaintindi ko kay Cayetano? Need bumoto and AFTER na lang ang discussion? Anong klaseng process yan?,"['Tama ba pagkakaintindi ko kay Cayetano?', 'Need bumoto and AFTER na lang ang discussion?', 'Anong klaseng process yan?']"
shame to the government nakakahiya ang pagka lusak ng pinas🥺,['shame to the government nakakahiya ang pagka lusak ng pinas🥺']
VP Sarah salute po we love you po... strong always,['VP Sarah salute po we love you po... strong always']
"yung galawang sarah very well ang action ah, she wants to know who is the true villain, and ngayon palang nalama","['yung galawang sarah very well ang action ah, she wants to know who is the true villain, and ngayon palang nalama']"
checkmate kung cno ang kalaban. yari kyo sa 2028 lampaso is coming,['checkmate kung cno ang kalaban. yari kyo sa 2028 lampaso is coming']
how about sa Phil health na billion2x ang nawala,['how about sa Phil health na billion2x ang nawala']
wala ata budget for housing ang goverment kahit saan ka tumingin,['wala ata budget for housing ang goverment kahit saan ka tumingin']
Bagong Pilipinas with PBBM ang pag-asa namin💚❤️,['Bagong Pilipinas with PBBM ang pag-asa namin💚❤️']
Being softhearted is not easy I'm been crying for 24hours and I can't forget it in my mind durog na durog ang puso ko,['Being softhearted is not easy I'm been crying for 24hours and I can't forget it in my mind durog na durog ang puso ko']
mainit and masikip pala eh bakit nanjan pa kayo? both my parents were OFW pero we grew up comfortable at may maayos na bahay,"['mainit and masikip pala eh bakit nanjan pa kayo? both my parents were OFW', 'pero we grew up comfortable at may maayos na bahay']"
"so, sino po ang mga liable sa nangyari? at anu-ano po pananagutan nila?","['so, sino po ang mga liable sa nangyari? at anu-ano po pananagutan nila?']"
"for sure itutuon nanamn to sa politika, wag guys wlang kinalaman politika dto","['for sure itutuon nanamn to sa politika, wag guys wlang kinalaman politika dto']"
pano nagkatao jan bukod sa mga construction workers and nagtitinda malapit sa site?,['pano nagkatao jan bukod sa mga construction workers and nagtitinda malapit sa site?']
mama ko asa pampanga di narin nag paparamdam samin i hope she's safe,['mama ko asa pampanga di narin nag paparamdam samin i hope she's safe']
where the lie sa sinabi ni sen. tulfo tho?,['where the lie sa sinabi ni sen. tulfo tho?']
"why not, work from home is a thing now di po ba! kahit lahat kayo mag session sa zoom.","['why not, work from home is a thing now di po ba! kahit lahat kayo mag session sa zoom.']"
this is separate ang nabubulok sa d nabubulok. see on next election 2025/2028,['this is separate ang nabubulok sa d nabubulok. see on next election 2025/2028']
"Wise move Madam Sarah, wala palakang komokokak, this is the Silent Code, continue the Confidential Moves even without Funding","['Wise move Madam Sarah, wala palakang komokokak, this is the Silent Code, continue the Confidential Moves even without Funding']"
asan na yung mga nagtatanong about sa flood control??,['asan na yung mga nagtatanong about sa flood control??']
"how about sa confi ng Philhealth, saan napunta ang pera?","['how about sa confi ng Philhealth, saan napunta ang pera?']"
"Please protect the child, ang sakit ng puso ko😭","['Please protect the child, ang sakit ng puso ko😭']"
"daming oldies sa comsec not to defend him pero di naman yan walang nasagot, he used non-verbal communication via a facial gesture. Tinuro po yan sa high school","['daming oldies sa comsec not to defend him', 'pero di naman yan walang nasagot, he used non-verbal communication via a facial gesture.', 'Tinuro po yan sa high school']"
napaka desente always kalma lng cya the best ka talaga aming PBBM,['napaka desente always kalma lng cya the best ka talaga aming PBBM']
Fun Fact: pwede niyo na irepost kapag ni-long press ang like.,['Fun Fact: pwede niyo na irepost kapag ni-long press ang like.']
"so mga pundo naman congresman ang pag usapan, at saan napunta?","['so mga pundo naman congresman ang pag usapan, at saan napunta?']"
Question kung alam kaya ng DEPED ang ginagawa ng Red Cross na mag aask sa mga school for registration daw,"['Question kung alam', 'kaya ng DEPED ang ginagawa ng Red Cross na mag aask sa mga school for registration daw']"
asan si Isko? hindi ba siya dapat mag explain nito?,['asan si Isko? hindi ba siya dapat mag explain nito?']
"grabe talaga ang graft and corruption sa gobyerno natin, never ending story na ito","['grabe talaga ang graft and corruption sa gobyerno natin, never ending story na ito']"
"ang dami nang nagsasabi nito pero walang nangyayari, classic Philippines😂😂😂","['ang dami nang nagsasabi nito', 'pero walang nangyayari, classic Philippines😂😂😂']"
"nakakalungkot naman, these people deserve better housing not just promises","['nakakalungkot naman, these people deserve better housing not just promises']"
"I think the government should prioritize this, maraming pamilya ang apektado","['I think the government should prioritize this, maraming pamilya ang apektado']"
"hindi ko maintindihan bakit ganito pa rin tayo, so many years na","['hindi ko maintindihan bakit ganito pa rin tayo, so many years na']"
"sana maaayos na ito ng bagong administrasyon, fingers crossed","['sana maaayos na ito ng bagong administrasyon, fingers crossed']"
"grabe yung living conditions, parang third world country pa rin tayo","['grabe yung living conditions, parang third world country pa rin tayo']"
"thank you sa nag share nito, dapat malaman ng lahat ang katotohanan","['thank you sa nag share nito, dapat malaman ng lahat ang katotohanan']"
"grabe yung sitwasyon ng informal settlers, the government should do something about it hindi lang puro news coverage","['grabe yung sitwasyon ng informal settlers, the government should do something about it hindi lang puro news coverage']"
"nakakaawa yung mga tao doon, they deserve proper housing hindi lang relocation na malayo sa trabaho nila","['nakakaawa yung mga tao doon, they deserve proper housing hindi lang relocation na malayo sa trabaho nila']"
"ito na naman, another infrastructure project tapos after a few years bumabagsak na. saan napupunta ang pondo?","['ito na naman, another infrastructure project', 'tapos after a few years bumabagsak na. saan napupunta ang pondo?']"
"hindi ko maintindihan bakit hindi pa naaayos ito, it's been years na. kailan pa?","['hindi ko maintindihan bakit hindi pa naaayos ito, it's been years na. kailan pa?']"
"ang laking problema ng housing sa Pinas, millions of Filipinos ang walang decent na tirahan","['ang laking problema ng housing sa Pinas, millions of Filipinos ang walang decent na tirahan']"
"this is not just about houses, ito ay tungkol sa dignidad ng mga Pilipino","['this is not just about houses, ito ay tungkol sa dignidad ng mga Pilipino']"
"need ng gobyerno ng long term plan for this, hindi lang band-aid solutions💙","['need ng gobyerno ng long term plan for this, hindi lang band-aid solutions💙']"
"grabe ang tagal ng process para sa socialized housing, by the time maaprubahan wala na yung nangangailangan","['grabe ang tagal ng process para sa socialized housing, by the time maaprubahan wala na yung nangangailangan']"
maraming pera sa gobyerno pero saan napupunta? hindi sa mga mahihirap,"['maraming pera sa gobyerno', 'pero saan napupunta? hindi sa mga mahihirap']"
"sana mabigyan sila ng permanent solution, not just temporary shelter na masisira rin","['sana mabigyan sila ng permanent solution, not just temporary shelter na masisira rin']"
ang ganda ng news pero sana ma-follow through. daming pangako na hindi natutuparan,"['ang ganda ng news', 'pero sana ma-follow through. daming pangako na hindi natutuparan']"
"hindi lang housing ang kailangan nila, need din ng livelihood programs para makatayo sa sariling paa","['hindi lang housing ang kailangan nila, need din ng livelihood programs para makatayo sa sariling paa']"
"grabe the scale of poverty in the Philippines, and yet meron pa ring mga nagnanakaw sa kaban ng bayan","['grabe the scale of poverty in the Philippines, and yet meron pa ring mga nagnanakaw sa kaban ng bayan']"
"dapat may accountability dito, sino ang may kasalanan at saan sila ngayon?","['dapat may accountability dito, sino ang may kasalanan at saan sila ngayon?']"
kahit maliit na tulong ay malaking bagay sa kanila. spread kindness guys❤️,['kahit maliit na tulong ay malaking bagay sa kanila. spread kindness guys❤️']
"ang gulo ng senate lately, parang teleserye na hindi matatapos. sino ba talaga ang tapat?","['ang gulo ng senate lately, parang teleserye na hindi matatapos. sino ba talaga ang tapat?']"
"I'm so tired of partisan politics, lahat na lang ginagawang pampulitika kahit simpleng batas","['I'm so tired of partisan politics, lahat na lang ginagawang pampulitika kahit simpleng batas']"
"grabe yung debate sa senate kanina, parang hindi sila adults na dapat nagdedesisyon para sa bansa","['grabe yung debate sa senate kanina, parang hindi sila adults na dapat nagdedesisyon para sa bansa']"
sino ba talaga ang may favor ng mga Pilipino dito? it seems like everyone has their own agenda,['sino ba talaga ang may favor ng mga Pilipino dito? it seems like everyone has their own agenda']
nakakatawa at nakakaiyak at the same time ang nangyayari sa senate natin,['nakakatawa at nakakaiyak at the same time ang nangyayari sa senate natin']
"dapat matahimik sila at gawin ang trabaho nila, maraming batas na hindi pa napapasa","['dapat matahimik sila at gawin ang trabaho nila, maraming batas na hindi pa napapasa']"
"I support the walkout, kailangan ng prinsipyo sa pulitika hindi lang political maneuvering","['I support the walkout, kailangan ng prinsipyo sa pulitika hindi lang political maneuvering']"
"ang laki ng sweldo nila pero ganito ang performance, taxpayers money wasted☹️","['ang laki ng sweldo nila', 'pero ganito ang performance, taxpayers money wasted☹️']"
"grabe ang lakas ng loob nila, as if wala silang accountability sa taumbayan","['grabe ang lakas ng loob nila, as if wala silang accountability sa taumbayan']"
"sana magising na ang mga botante, we deserve better leaders💙","['sana magising na ang mga botante, we deserve better leaders💙']"
kahit anong gawin nila sa senate wala ring mababago kung ganyan ang sistema,['kahit anong gawin nila sa senate wala ring mababago kung ganyan ang sistema']
"this is why young people are apathetic sa politics, walang kwenta ang mga nasa pwesto😡","['this is why young people are apathetic sa politics, walang kwenta ang mga nasa pwesto😡']"
hindi ko maisip na ganito pala ang nangyayari sa likod ng cameras sa senate,['hindi ko maisip na ganito pala ang nangyayari sa likod ng cameras sa senate']
need na ng term limits para mapalitan na ang mga matanda at lipas na sa panahon,['need na ng term limits para mapalitan na ang mga matanda at lipas na sa panahon']
grabe ang gall nila to fight over procedural issues when millions are suffering,['grabe ang gall nila to fight over procedural issues when millions are suffering']
"proud of VP Sara for standing her ground, hindi siya nagpapadala sa pressure","['proud of VP Sara for standing her ground, hindi siya nagpapadala sa pressure']"
I don't care what side you're on but the process should be fair lahat ng tao may karapatang magdepensa,['I don't care what side you're on but the process should be fair lahat ng tao may karapatang magdepensa']
"nakakainis yung mga paninira, let the truth come out through proper process","['nakakainis yung mga paninira, let the truth come out through proper process']"
"ang daming nagmamaalam pero wala namang concrete evidence, tsismis lang","['ang daming nagmamaalam', 'pero wala namang concrete evidence, tsismis lang']"
"whether you like her or not, due process is due process. hayaan na ang korte","['whether you like her or not, due process is due process. hayaan na ang korte']"
"grabe yung politikang ginagawa nila, ginagamit ang impeachment bilang political weapon","['grabe yung politikang ginagawa nila, ginagamit ang impeachment bilang political weapon']"
"I think both sides have valid points, pero dapat sa tamang forum ito mapagusapan hindi sa social media","['I think both sides have valid points, pero dapat sa tamang forum ito mapagusapan hindi sa social media']"
"ang daming nagcocomment na hindi naman nanonood ng actual proceedings, based lang sa memes","['ang daming nagcocomment na hindi naman nanonood ng actual proceedings, based lang sa memes']"
sana matapos na ito para makapag focus na ang gobyerno sa mga tunay na problema ng bansa,['sana matapos na ito para makapag focus na ang gobyerno sa mga tunay na problema ng bansa']
"kahit sino pa ang panalo o matalo dito, ang bayan pa rin ang talo sa katapusan","['kahit sino pa ang panalo o matalo dito, ang bayan pa rin ang talo sa katapusan']"
"taon-taon ganito sa Maynila, every rainy season baha na naman. kailan masosolusyunan?","['taon-taon ganito sa Maynila, every rainy season baha na naman. kailan masosolusyunan?']"
grabe ang binabayad nating buwis pero walang ayos na drainage system sa buong bansa,"['grabe ang binabayad nating buwis', 'pero walang ayos na drainage system sa buong bansa']"
"hindi lang baha ang problema, the response ng gobyerno sa calamities is consistently bad","['hindi lang baha ang problema, the response ng gobyerno sa calamities is consistently bad']"
"nakakaawa ang mga biktima ng baha, they lose everything in just a few hours","['nakakaawa ang mga biktima ng baha, they lose everything in just a few hours']"
"dapat may konkreto na action plan, hindi lang press conferences at photo ops","['dapat may konkreto na action plan, hindi lang press conferences at photo ops']"
"ito na naman, flooding in the same areas every year. parang wala namang natutunan","['ito na naman, flooding in the same areas every year. parang wala namang natutunan']"
"grabe ang climate change effect sa atin, mas madalas na ang extreme weather events","['grabe ang climate change effect sa atin, mas madalas na ang extreme weather events']"
"I donated to the relief operations, please help din kung kaya ninyo❤️❤️❤️","['I donated to the relief operations, please help din kung', 'kaya ninyo❤️❤️❤️]"
"ang sakit na panoorin ang mga bata na nasa tubig, sana may makatulong sa kanila","['ang sakit na panoorin ang mga bata na nasa tubig, sana may makatulong sa kanila']"
"hindi na mabibilang ang beses na nag flood dito, systemic problem na ito","['hindi na mabibilang ang beses na nag flood dito, systemic problem na ito']"
"grabe yung Philhealth scandal, billions missing and yet pag kailangan mo hindi pa rin sapat ang coverage","['grabe yung Philhealth scandal, billions missing and yet pag kailangan mo hindi pa rin sapat ang coverage']"
my relative got hospitalized and ang dami pa ring out of pocket expenses kahit may Philhealth,['my relative got hospitalized and ang dami pa ring out of pocket expenses kahit may Philhealth']
dapat i-audit ang lahat ng pondo ng Philhealth at ipakulong ang mga nagnanakaw,['dapat i-audit ang lahat ng pondo ng Philhealth at ipakulong ang mga nagnanakaw']
the irony is ang mga pinaka-nangangailangan ng healthcare ang pinaka hindi naseserbisyuhan,['the irony is ang mga pinaka-nangangailangan ng healthcare ang pinaka hindi naseserbisyuhan']
"grabe ang pila sa public hospitals, we need more doctors and nurses and better pay para hindi sila mag-abroad","['grabe ang pila sa public hospitals, we need more doctors and nurses and better pay para hindi sila mag-abroad']"
"I had a bad experience sa public hospital, sobrang understaffed. parang hindi priority ang health ng Pilipino","['I had a bad experience sa public hospital, sobrang understaffed. parang hindi priority ang health ng Pilipino']"
"dapat libre ang basic healthcare, hindi lang sa papel kundi sa aktwal na serbisyo","['dapat libre ang basic healthcare, hindi lang sa papel kundi sa aktwal na serbisyo']"
"ang daming Pinoy nurses abroad pero kulang sa nurses sa Pinas, ironic but understandable","['ang daming Pinoy nurses abroad', 'pero kulang sa nurses sa Pinas, ironic but understandable']"
"sana may free medicine program na totoo, hindi lang pamigay bago election","['sana may free medicine program na totoo, hindi lang pamigay bago election']"
"health is a right, not a privilege. gobyerno dapat kumilos na","['health is a right, not a privilege. gobyerno dapat kumilos na']"
"grabe yung reading comprehension problem sa mga bata, and the solution is pa more modules?","['grabe yung reading comprehension problem sa mga bata, and the solution is pa more modules?']"
"hindi sumasalamin sa realidad ang mga kurikulum, dapat mas practical ang tinuturo sa mga bata","['hindi sumasalamin sa realidad ang mga kurikulum, dapat mas practical ang tinuturo sa mga bata']"
"ang hirap ng parents ngayon, they have to supplement the education ng anak nila dahil kulang ang sa school","['ang hirap ng parents ngayon, they have to supplement the education ng anak nila dahil kulang ang sa school']"
"I appreciate the teachers pero they're overworked and underpaid, that's the real problem","['I appreciate the teachers', 'pero they're overworked and underpaid, that's the real problem']"
"maraming schools na kulang sa classrooms, kulang sa chairs, kulang sa books. where is the budget?","['maraming schools na kulang sa classrooms, kulang sa chairs, kulang sa books. where is the budget?']"
"dapat i-revamp ang entire education system, hindi lang mag-adjust ng curriculum","['dapat i-revamp ang entire education system, hindi lang mag-adjust ng curriculum']"
"grabe ang impact ng pandemic sa learning ng mga bata, years of setback","['grabe ang impact ng pandemic sa learning ng mga bata, years of setback']"
"sana mag-invest ng malaki ang gobyerno sa education, that is the real investment sa kinabukasan","['sana mag-invest ng malaki ang gobyerno sa education, that is the real investment sa kinabukasan']"
"ang daming out of school youth, we need programs para maabot sila","['ang daming out of school youth, we need programs para maabot sila']"
hindi fair na ang kalidad ng education ay nakadepende kung saan ka nakatira o kung may pera ang pamilya mo,['hindi fair na ang kalidad ng education ay nakadepende kung saan ka nakatira o kung may pera ang pamilya mo']
I'm giving this administration a chance pero sana hindi lang salita ang programa,"['I'm giving this administration a chance', 'pero sana hindi lang salita ang programa']"
"grabe ang rice prices ngayon, what happened to the promise of affordable rice?🙄","['grabe ang rice prices ngayon, what happened to the promise of affordable rice?🙄']"
"hindi ko masabi na okay o hindi ang performance ng admin, pero marami pa dapat gawin","['hindi ko masabi na okay o hindi ang performance ng admin, pero marami pa dapat gawin']"
"yung mga defenders ay kulang sa kritisismo, blind support is not patriotism","['yung mga defenders ay kulang sa kritisismo, blind support is not patriotism']"
I voted for change and I hope the change is real hindi lang branding,['I voted for change and I hope the change is real hindi lang branding']
"ang daming nagrereklamo pero wala namang alternative na inaalok, easy to criticize hard to govern","['ang daming nagrereklamo', 'pero wala namang alternative na inaalok, easy to criticize hard to govern']"
sana mabigyan ng pagkakataon ang bagong administrasyon bago husgahan,['sana mabigyan ng pagkakataon ang bagong administrasyon bago husgahan']
"the economy is struggling and we need real solutions, not just press releases","['the economy is struggling and we need real solutions, not just press releases']"
"grabe ang utang ng bansa, we need fiscal responsibility not more borrowing","['grabe ang utang ng bansa, we need fiscal responsibility not more borrowing']"
"I hope the promises during campaign are not just promises, the people are watching","['I hope the promises during campaign are not just promises, the people are watching']"
"grabe ang traffic sa EDSA, it never gets better kahit anong proyekto ang ginagawa","['grabe ang traffic sa EDSA, it never gets better kahit anong proyekto ang ginagawa']"
"I spend 3 hours commuting every day, this is not a quality of life","['I spend 3 hours commuting every day, this is not a quality of life']"
"bakit ang tagal ng MRT repair, years na since sinabi nilang aayusin","['bakit ang tagal ng MRT repair, years na since sinabi nilang aayusin']"
ang jeepney modernization is a good idea in theory pero yung implementation ay palpak,"['ang jeepney modernization is a good idea in theory', 'pero yung implementation ay palpak']"
"hindi maayos ang public transportation so lahat ng may pera bumibili ng kotse, mas lalo pang nag-traffic","['hindi maayos ang public transportation so lahat ng may pera bumibili ng kotse, mas lalo pang nag-traffic']"
ang daming infra projects pero bakit hindi pa rin nararamdaman ng commuters ang improvement,"['ang daming infra projects', 'pero bakit hindi pa rin nararamdaman ng commuters ang improvement']"
"grabe ang buhay ng mga driver, kumikita lang sila ng konti pero ang daming bayarin","['grabe ang buhay ng mga driver, kumikita lang sila ng konti', 'pero ang daming bayarin']"
"sana may dedicated bike lane sa lahat ng major roads, mas sustainable at hindi matrapiko","['sana may dedicated bike lane sa lahat ng major roads, mas sustainable at hindi matrapiko']"
"I tried the new train line and it's actually okay, sana palawakin pa","['I tried the new train line and it's actually okay, sana palawakin pa']"
ang gobyerno should invest in mass transport not in roads na para lang sa kotse,['ang gobyerno should invest in mass transport not in roads na para lang sa kotse']
"grabe ang sakripisyo ng mga OFW, they leave their families para lang may magawa para sa kanila","['grabe ang sakripisyo ng mga OFW, they leave their families para lang may magawa para sa kanila']"
"I'm an OFW and I miss home every single day, pero walang choice kasi wala dito","['I'm an OFW and I miss home every single day, pero walang choice', 'kasi wala dito']"
"ang problema ay kapag nauwi ang OFW, walang maayos na livelihood na naghihintay sa kanila dito","['ang problema ay kapag nauwi ang OFW, walang maayos na livelihood na naghihintay sa kanila dito']"
"dapat protektahan ng gobyerno ang mga OFW, hindi lang bilang remittance machines","['dapat protektahan ng gobyerno ang mga OFW, hindi lang bilang remittance machines']"
nakakainis na ang sektor na nagpapatakbo ng ekonomiya ay hindi enough ang support ng gobyerno,['nakakainis na ang sektor na nagpapatakbo ng ekonomiya ay hindi enough ang support ng gobyerno']
"yung mga abuso sa abroad ay nakakaiyak, sana mas malakas ang proteksyon ng POEA","['yung mga abuso sa abroad ay nakakaiyak, sana mas malakas ang proteksyon ng POEA']"
grabe ang baon ng utang ng mga nagpunta abroad para makarating lang doon,['grabe ang baon ng utang ng mga nagpunta abroad para makarating lang doon']
I admire the resilience ng mga OFW pero sana hindi na kailangan pa nilang mag-OFW,"['I admire the resilience ng mga OFW', 'pero sana hindi na kailangan pa nilang mag-OFW']"
"ang pangarap lang namin ay mapabuti ang buhay ng pamilya, simple lang pero ang hirap abutin","['ang pangarap lang namin ay mapabuti ang buhay ng pamilya, simple lang', 'pero ang hirap abutin']"
sana dumating ang araw na hindi na kailangan mag-abroad para may magandang kinabukasan,['sana dumating ang araw na hindi na kailangan mag-abroad para may magandang kinabukasan']
"grabe ang viral video na yon, nakakaiyak talaga. hope the family gets the help they need","['grabe ang viral video na yon, nakakaiyak talaga. hope the family gets the help they need']"
"yung trending ngayon sa twitter is actually important, hindi lang showbiz chika","['yung trending ngayon sa twitter is actually important, hindi lang showbiz chika']"
"ang dami nang nagsasabi ng fake news, please verify bago i-share🙂","['ang dami nang nagsasabi ng fake news, please verify bago i-share🙂']"
nakakatawa yung meme but if you think about it deep ang message,['nakakatawa yung meme but if you think about it deep ang message']
"I saw this on tiktok and I had to share, this is the kind of content na kailangan natin","['I saw this on tiktok and I had to share, this is the kind of content na kailangan natin']"
"grabe ang hate comments sa post na yon, cyberbullying is real and it hurts people😔😔","['grabe ang hate comments sa post na yon, cyberbullying is real and it hurts people😔😔']"
"sana ma-educate ang mga Pilipino sa media literacy, marami pa ring nabibiktima ng disinformation","['sana ma-educate ang mga Pilipino sa media literacy, marami pa ring nabibiktima ng disinformation']"
"ang power ng social media to mobilize people is amazing, look at what happened","['ang power ng social media to mobilize people is amazing, look at what happened']"
"hindi natin dapat gawing platform ng hate ang social media, it should connect us not divide","['hindi natin dapat gawing platform ng hate ang social media, it should connect us not divide']"
"yung influencer na yon is problematic, pero ang daming sumusuporta pa rin. baffling","['yung influencer na yon is problematic, pero ang daming sumusuporta pa rin. baffling']"
"grabe si Carlos Yulo, pride of the Philippines talaga. what an athlete","['grabe si Carlos Yulo, pride of the Philippines talaga. what an athlete']"
sana suportahan ng gobyerno ang mga atleta natin hindi lang kapag may medal na,['sana suportahan ng gobyerno ang mga atleta natin hindi lang kapag may medal na']
"ang sarap panoorin ng Gilas, they're getting better every tournament","['ang sarap panoorin ng Gilas, they're getting better every tournament']"
I'm not really into sports pero pag Pilipino ang naglalaro automatic supporter,"['I'm not really into sports', 'pero pag Pilipino ang naglalaro automatic supporter']"
"grabe ang performance nila, they left everything on the court. proud ng Pilipinas","['grabe ang performance nila, they left everything on the court. proud ng Pilipinas']"
"sana mapabuti pa ng programa ng sports sa schools, maraming talented kids na walang support","['sana mapabuti pa ng programa ng sports sa schools, maraming talented kids na walang support']"
"grabe ang discrimination sa sports ay real, sana mawala na ito","['grabe ang discrimination sa sports ay real, sana mawala na ito']"
"nanonood ako kahit mahirap yung game, this is what entertainment should feel like","['nanonood ako kahit mahirap yung game, this is what entertainment should feel like']"
"sana ma-qualify tayo sa World Cup, one day mangyayari yan","['sana ma-qualify tayo sa World Cup, one day mangyayari yan']"
"yung bagong pelikula ay masarap panoorin, go support local films guys","['yung bagong pelikula ay masarap panoorin, go support local films guys']"
"grabe ang talent ng mga bagong artists ngayon, the industry is in good hands","['grabe ang talent ng mga bagong artists ngayon, the industry is in good hands']"
"I stopped watching that show because the storyline is too toxic, hindi healthy","['I stopped watching that show because the storyline is too toxic, hindi healthy']"
"nakakainis yung cancel culture, sometimes people deserve second chances","['nakakainis yung cancel culture, sometimes people deserve second chances']"
"ang daming Pinoy content creators abroad na kinikilala internationally, proud","['ang daming Pinoy content creators abroad na kinikilala internationally, proud']"
"grabe ang hype sa concert, nagka-sold out agad. sana accessible ang tickets para sa lahat","['grabe ang hype sa concert, nagka-sold out agad. sana accessible ang tickets para sa lahat']"
"yung celebrity feud ay overblown ng media, there are more important issues","['yung celebrity feud ay overblown ng media, there are more important issues']"
I appreciate na may Pinoy films na internationally recognized na ngayon,['I appreciate na may Pinoy films na internationally recognized na ngayon']
"grabe ang banat ng netizens, everyone is a critic on social media","['grabe ang banat ng netizens, everyone is a critic on social media']"
sana mag-invest ang mga producers sa quality content hindi lang teleserye formula,['sana mag-invest ang mga producers sa quality content hindi lang teleserye formula']
"grabe ang init ngayon, climate change is no longer a future problem it's now","['grabe ang init ngayon, climate change is no longer a future problem it's now']"
"nakakaiyak ang mga coral reefs na nasisira, we're destroying our own food source😭😭","['nakakaiyak ang mga coral reefs na nasisira, we're destroying our own food source😭😭']"
I started segregating waste at home and I encourage others to do the same,['I started segregating waste at home and I encourage others to do the same']
"ang single-use plastics should be banned na, magastos sa planet at sa atin","['ang single-use plastics should be banned na, magastos sa planet at sa atin']"
"grabe ang air pollution sa Metro Manila, need na ng stricter enforcement","['grabe ang air pollution sa Metro Manila, need na ng stricter enforcement']"
yung mining operations na yon is destroying the environment for profit ng iilan,['yung mining operations na yon is destroying the environment for profit ng iilan']
"dapat mas maraming tree planting programs, and actually monitor kung nabubuhay ang mga puno","['dapat mas maraming tree planting programs, and actually monitor kung nabubuhay ang mga puno']"
"nakakalungkot ang nangyayari sa Palawan, one of the most beautiful places in the world","['nakakalungkot ang nangyayari sa Palawan, one of the most beautiful places in the world']"
"I went to the beach and nakita ko ang daming basura, ang sakit sa puso","['I went to the beach and nakita ko ang daming basura, ang sakit sa puso']"
"sana mag-invest ang Pinas sa renewable energy, we have so much sun and wind","['sana mag-invest ang Pinas sa renewable energy, we have so much sun and wind']"
"grabe ang unemployment rate, graduates na walang makitang trabaho kahit may degree","['grabe ang unemployment rate, graduates na walang makitang trabaho kahit may degree']"
the cost of living is increasing pero ang salary ay hindi naman kasabay,"['the cost of living is increasing', 'pero ang salary ay hindi naman kasabay']"
I'm grateful I have a job pero I know so many na nag-struggle to find one,"['I'm grateful I have a job', 'pero I know so many na nag-struggle to find one']"
dapat mag-prioritize ng local industries ang gobyerno para may trabaho dito,['dapat mag-prioritize ng local industries ang gobyerno para may trabaho dito']
"grabe ang brain drain, the best and brightest are leaving and we can't blame them","['grabe ang brain drain, the best and brightest are leaving and we can't blame them']"
"sana may strong manufacturing sector tayo, hindi lang BPO ang industriya🤧","['sana may strong manufacturing sector tayo, hindi lang BPO ang industriya🤧']"
"ang negosyante sa Pinas ay burdened ng maraming taxes at requirements, kaya maraming lulugi","['ang negosyante sa Pinas ay burdened ng maraming taxes at requirements, kaya maraming lulugi']"
"grabe ang inflation, the peso is worth less and less every year","['grabe ang inflation, the peso is worth less and less every year']"
"I support small businesses, please buy local and stop buying from big corporations na walang puso","['I support small businesses, please buy local and stop buying from big corporations na walang puso']"
"ang economic policy natin needs serious reform, hindi lang tinkering sa edges","['ang economic policy natin needs serious reform, hindi lang tinkering sa edges']"
"grabe ang pressure sa mga estudyante ngayon, mental health is being ignored","['grabe ang pressure sa mga estudyante ngayon, mental health is being ignored']"
I'm a student and I struggle every day pero nobody talks about it openly,"['I'm a student and I struggle every day', 'pero nobody talks about it openly']"
"ang mental health support sa schools is almost nonexistent, we need to do better","['ang mental health support sa schools is almost nonexistent, we need to do better']"
"yung youth these days are more aware and more engaged, na-inspire ako sa kanila","['yung youth these days are more aware and more engaged, na-inspire ako sa kanila']"
I dream of a Philippines where young people don't have to leave to have a good life,['I dream of a Philippines where young people don't have to leave to have a good life']
"ang kabataan ang pag-asa ng bayan, pero kailangan nating i-support sila not just say it","['ang kabataan ang pag-asa ng bayan, pero kailangan nating i-support sila not just say it']"
"grabe ang peer pressure na nararamdaman ng mga kabataan, social media amplifies it","['grabe ang peer pressure na nararamdaman ng mga kabataan, social media amplifies it']"
"sana makilala ng mga bata ang tunay na kasaysayan ng Pilipinas, not just the sanitized version","['sana makilala ng mga bata ang tunay na kasaysayan ng Pilipinas, not just the sanitized version']"
"I'm proud of the activists and the students who speak up, they give me hope","['I'm proud of the activists and the students who speak up, they give me hope']"
"grabe ang insecurity sa ilang parts ng Pinas, hindi ba dapat safe ang bawat Pilipino","['grabe ang insecurity sa ilang parts ng Pinas, hindi ba dapat safe ang bawat Pilipino']"
"nakakainis ang impunity, parang walang accountability ang mga may kapangyarihan","['nakakainis ang impunity, parang walang accountability ang mga may kapangyarihan']"
I'm scared to go out at night and that's not how it should be,['I'm scared to go out at night and that's not how it should be']
ang war on drugs failed pero marami pa rin na naniniwala sa premise nito,"['ang war on drugs failed', 'pero marami pa rin na naniniwala sa premise nito']"
"grabe ang human rights violations, we cannot normalize this","['grabe ang human rights violations, we cannot normalize this']"
"dapat malakas ang justice system natin, hindi lang papabor sa may pera","['dapat malakas ang justice system natin, hindi lang papabor sa may pera']"
"nakakalungkot ang nangyari, another senseless death. when will this stop?","['nakakalungkot ang nangyari, another senseless death. when will this stop?']"
"I know a lot of good cops pero yung sistema ay corrupt, mahirap maniwala","['I know a lot of good cops', 'pero yung sistema ay corrupt, mahirap maniwala']"
"grabe ang red-tagging, anyone who speaks up is labeled as an enemy of the state","['grabe ang red-tagging, anyone who speaks up is labeled as an enemy of the state']"
sana dumating ang araw na safe ang lahat ng Pilipino sa sarili nilang bansa,['sana dumating ang araw na safe ang lahat ng Pilipino sa sarili nilang bansa']
"grabe ang scammers ngayon, every day may bagong scheme na sinusubukan","['grabe ang scammers ngayon, every day may bagong scheme na sinusubukan']"
"nakakatakot ang AI deepfakes, hindi mo na alam kung totoong video o hindi","['nakakatakot ang AI deepfakes, hindi mo na alam kung totoong video o hindi']"
"I got scammed once and it's traumatizing, please be careful online","['I got scammed once and it's traumatizing, please be careful online']"
"ang digital divide sa Pinas is still huge, maraming wala pa ring internet access","['ang digital divide sa Pinas is still huge, maraming wala pa ring internet access']"
"grabe ang data privacy issues, our personal data is being sold without our knowledge","['grabe ang data privacy issues, our personal data is being sold without our knowledge']"
"sana mag-regulate ng properly ang gobyerno ng big tech, hindi lang tax them","['sana mag-regulate ng properly ang gobyerno ng big tech, hindi lang tax them']"
"yung gov websites ay outdated and hard to use, e-governance is still a dream","['yung gov websites ay outdated and hard to use, e-governance is still a dream']"
"grabe ang cyberbullying cases, we need stronger laws at enforcement","['grabe ang cyberbullying cases, we need stronger laws at enforcement']"
I appreciate the fintech innovations pero sana accessible sa lahat hindi lang sa may smartphone,"['I appreciate the fintech innovations', 'pero sana accessible sa lahat hindi lang sa may smartphone']"
"ang digital literacy programs should be in the curriculum, essential skill na ngayon","['ang digital literacy programs should be in the curriculum, essential skill na ngayon']"
"grabe ang presyo ng bigas ngayon, pati ang pangunahing pagkain hindi na afford ng mahihirap","['grabe ang presyo ng bigas ngayon, pati ang pangunahing pagkain hindi na afford ng mahihirap']"
nakakainis ang rotational brownouts habang ang electric bill ay tumataas pa,['nakakainis ang rotational brownouts habang ang electric bill ay tumataas pa']
I can't believe how much my grocery bill has increased in just one year😭😭,['I can't believe how much my grocery bill has increased in just one year😭😭']
"ang inflation is hitting the poor the hardest, those with fixed income are suffering","['ang inflation is hitting the poor the hardest, those with fixed income are suffering']"
"grabe ang price of onions nung nakaraang taon, parang luxury item na ang sibuyas","['grabe ang price of onions nung nakaraang taon, parang luxury item na ang sibuyas']"
sana may malakas na regulation sa price manipulation ng mga kartelo,['sana may malakas na regulation sa price manipulation ng mga kartelo']
"yung food insecurity sa maraming Pilipino ay hindi lang statistics, it's real families","['yung food insecurity sa maraming Pilipino ay hindi lang statistics, it's real families']"
"grabe ang markup sa palengke minsan, mula farm to table ang laki ng difference","['grabe ang markup sa palengke minsan, mula farm to table ang laki ng difference']"
I started a small vegetable garden and I encourage everyone to do the same,['I started a small vegetable garden and I encourage everyone to do the same']
"sana mabigyan ng solusyon ang agricultural sector, ang daming issues mula seed to market","['sana mabigyan ng solusyon ang agricultural sector, ang daming issues mula seed to market']"
"grabe ang power ng simbahan sa pulitika natin, separation of church and state is important","['grabe ang power ng simbahan sa pulitika natin, separation of church and state is important']"
"nakakatuwa yung mga traditions natin sa Pasko, uniquely Pilipino talaga","['nakakatuwa yung mga traditions natin sa Pasko, uniquely Pilipino talaga']"
I respect all religions pero I think we should separate faith from policymaking,"['I respect all religions', 'pero I think we should separate faith from policymaking']"
ang pagmamahal ng Pilipino sa pamilya is both a strength and sometimes a weakness,['ang pagmamahal ng Pilipino sa pamilya is both a strength and sometimes a weakness']
"grabe ang bayanihan spirit na nakikita ko sa calamity times, proud to be Pinoy","['grabe ang bayanihan spirit na nakikita ko sa calamity times, proud to be Pinoy']"
"sana mapanatili natin ang mga cultural traditions, marami na ang nawawala","['sana mapanatili natin ang mga cultural traditions, marami na ang nawawala']"
"yung regionalism sa Pinas is still a thing, we need more national unity","['yung regionalism sa Pinas is still a thing, we need more national unity']"
"grabe ang colonial mentality, we still worship foreign brands and foreign skin","['grabe ang colonial mentality, we still worship foreign brands and foreign skin']"
I think the Filipino identity is strong pero we need to define it for ourselves,"['I think the Filipino identity is strong', 'pero we need to define it for ourselves']"
sana mas maraming Pilipinong proud sa sarili nilang kultura at wika,['sana mas maraming Pilipinong proud sa sarili nilang kultura at wika']
"grabe ang discrimination that women still face in workplaces, we need real equality","['grabe ang discrimination that women still face in workplaces, we need real equality']"
nakakainis ang mansplaining and the culture of dismissing women's opinions,['nakakainis ang mansplaining and the culture of dismissing women's opinions']
"I support the LGBTQ+ community, love is love at walang masama sa pagmamahal","['I support the LGBTQ+ community, love is love at walang masama sa pagmamahal']"
"ang SOGIE bill should be passed na, basic rights are not special privileges","['ang SOGIE bill should be passed na, basic rights are not special privileges']"
"grabe ang gender-based violence, marami pang nangyayari na hindi nire-report","['grabe ang gender-based violence, marami pang nangyayari na hindi nire-report']"
"sana mas maraming women in leadership positions, they bring a different perspective","['sana mas maraming women in leadership positions, they bring a different perspective']"
"yung victim-blaming culture is toxic, we need to change the narrative","['yung victim-blaming culture is toxic, we need to change the narrative']"
"grabe ang pay gap na still exists, equal work should mean equal pay","['grabe ang pay gap na still exists, equal work should mean equal pay']"
"I was harassed once and I know how hard it is to speak up, support survivors","['I was harassed once and I know how hard it is to speak up, support survivors']"
"sana lumago ang awareness sa gender issues, hindi lang sa social media kundi sa ugali","['sana lumago ang awareness sa gender issues, hindi lang sa social media kundi sa ugali']"
"hindi ko akalain na ganito ang mangyayari, shocked talaga ako sa balita","['hindi ko akalain na ganito ang mangyayari, shocked talaga ako sa balita']"
"yung video went viral for a reason, can we talk about the actual issue and not the drama","['yung video went viral for a reason, can we talk about the actual issue and not the drama']"
"I don't usually comment pero this one is important, need to speak up","['I don't usually comment', 'pero this one is important, need to speak up']"
"grabe ang gaslighting sa mga nagsasalita ng katotohanan, stay strong sa mga brave souls","['grabe ang gaslighting sa mga nagsasalita ng katotohanan, stay strong sa mga brave souls']"
"nakakaiyak ang mga testimonya ng mga biktima, we have to do better as a society","['nakakaiyak ang mga testimonya ng mga biktima, we have to do better as a society']"
"I shared this to my contacts, sana makarating sa tamang tao","['I shared this to my contacts, sana makarating sa tamang tao']"
"grabe ang number of people affected, this is bigger than most people realize","['grabe ang number of people affected, this is bigger than most people realize']"
"hindi na tayo pwede mag-stay silent sa mga ganyang bagay, we have to act","['hindi na tayo pwede mag-stay silent sa mga ganyang bagay, we have to act']"
"yung issue na ito ay hindi bago, it's been happening for years walang aksyon","['yung issue na ito ay hindi bago, it's been happening for years walang aksyon']"
"sana may mabago talaga, hindi lang trending tapos nakalimutan na","['sana may mabago talaga, hindi lang trending', 'tapos nakalimutan na']"
I've been following this story and the truth is more complicated than the headlines,['I've been following this story and the truth is more complicated than the headlines']
"grabe ang media bias, depends sa kung sinong nagtatago ng advertisement","['grabe ang media bias, depends sa kung sinong nagtatago ng advertisement']"
"nakakainis yung selective outrage ng mga tao, consistent ka kaya","['nakakainis yung selective outrage ng mga tao, consistent ka', 'kaya']"
I think we all need to educate ourselves more bago mag-share ng content,['I think we all need to educate ourselves more bago mag-share ng content']
"grabe ang power of collective action, we proved that we can make a difference","['grabe ang power of collective action, we proved that we can make a difference']"
"hindi lang ang iboto mo ang mahalaga, yung partisipasyon mo sa society ang mas important","['hindi lang ang iboto mo ang mahalaga, yung partisipasyon mo sa society ang mas important']"
"nakakatawa na rin kasi nakakaiyak, classic Filipino coping mechanism","['nakakatawa na rin', 'kasi nakakaiyak, classic Filipino coping mechanism']"
I'm exhausted by the news cycle pero di rin tayo pwedeng mag-disengage,"['I'm exhausted by the news cycle', 'pero di rin tayo pwedeng mag-disengage']"
"grabe kung isipin mo na mga bata pa lang sila, ang daming naghihintay na sa kanila","['grabe kung isipin mo na mga bata pa lang sila, ang daming naghihintay na sa kanila']"
sana dumating ang araw na walang dapat pag-usapan na ganitong klase ng balita,['sana dumating ang araw na walang dapat pag-usapan na ganitong klase ng balita']
this country deserves better at tayo mismo ang magbabago nito,['this country deserves better at tayo mismo ang magbabago nito']
"grabe ang loob ng mga nagsasalita para sa katotohanan, saludo ako sa kanila","['grabe ang loob ng mga nagsasalita para sa katotohanan, saludo ako sa kanila']"
I don't always agree pero I respect those who stand up for what they believe in,"['I don't always agree', 'pero I respect those who stand up for what they believe in']"
"nakakaiyak ang mga ganoong sitwasyon, pero I believe we can get through this","['nakakaiyak ang mga ganoong sitwasyon, pero I believe we can get through this']"
"ang Pilipino ay matibay, we've been through so much and we're still standing","['ang Pilipino ay matibay, we've been through so much and we're still standing']"
grabe ang dami pang dapat ayusin pero hindi ibig sabihin na wala tayong pag-asa,"['grabe ang dami pang dapat ayusin', 'pero hindi ibig sabihin na wala tayong pag-asa']"
sana makita ng susunod na henerasyon ang mas magandang Pilipinas,['sana makita ng susunod na henerasyon ang mas magandang Pilipinas']
"I choose to stay hopeful, kahit mahirap minsan, still believe in this country","['I choose to stay hopeful, kahit mahirap minsan, still believe in this country']"
"nagtatapos man ang balita sa negatibo, lagi may Pilipino na nagsisikap para sa iba","['nagtatapos man ang balita sa negatibo, lagi may Pilipino na nagsisikap para sa iba']"
"grabe ang lakas ng Filipino spirit, we will get through this together","['grabe ang lakas ng Filipino spirit, we will get through this together']"
hindi easy ang daan pasulong pero we have no choice but to keep moving forward💚,"['hindi easy ang daan pasulong', 'pero we have no choice but to keep moving forward💚']"
"I'm proud to be Filipino, flaws and all. mahal ko ang bansang ito","['I'm proud to be Filipino, flaws and all. mahal ko ang bansang ito']"
sana mas maraming nagmamahal at nagbibigay ng oras para sa bansa natin,['sana mas maraming nagmamahal at nagbibigay ng oras para sa bansa natin']
"grabe yung nangyari sa Cebu ngayon, praying for everyone affected","['grabe yung nangyari sa Cebu ngayon, praying for everyone affected']"
nakakainis na paulit-ulit ang same issues tapos wala ring nagbabago sa sistema,"['nakakainis na paulit-ulit ang same issues', 'tapos wala ring nagbabago sa sistema']"
I think people should stop blaming each other at focus sa solusyon na,['I think people should stop blaming each other at focus sa solusyon na']
"yung viral na yon ay overblown ng media, may mas importanteng balita","['yung viral na yon ay overblown ng media, may mas importanteng balita']"
"grabe ang lakas ng loob ng whistleblowers, risking everything para sa katotohanan","['grabe ang lakas ng loob ng whistleblowers, risking everything para sa katotohanan']"
"hindi ko gets bakit ang daming nagtatanggol sa mga corrupt officials, parang stockholm syndrome","['hindi ko gets bakit ang daming nagtatanggol sa mga corrupt officials, parang stockholm syndrome']"
I've been living abroad for 5 years and every time I read Pinoy news naiinis ako,['I've been living abroad for 5 years and every time I read Pinoy news naiinis ako']
ang dami nating potential as a country pero ang dami ring hinahadlangan tayo,"['ang dami nating potential as a country', 'pero ang dami ring hinahadlangan tayo']"
"grabe ang sacrifice ng mga frontliners, they deserve better compensation💚💚","['grabe ang sacrifice ng mga frontliners, they deserve better compensation💚💚']"
nakakatuwa pa rin ang humor ng mga Pilipino kahit sa pinaka-mahirap na sitwasyon,['nakakatuwa pa rin ang humor ng mga Pilipino kahit sa pinaka-mahirap na sitwasyon']
"I don't understand why we keep electing the same families, dynasty politics is a disease","['I don't understand why we keep electing the same families, dynasty politics is a disease']"
"grabe ang nepotism sa gobyerno, parang family business lang ang turing nila sa bansa","['grabe ang nepotism sa gobyerno, parang family business lang ang turing nila sa bansa']"
"sana maging mas critical ang mga voters, hindi lang pamilyar na pangalan ang basehan","['sana maging mas critical ang mga voters, hindi lang pamilyar na pangalan ang basehan']"
ang issue na ito ay may deeper root cause na dapat i-address hindi lang ang symptoms,['ang issue na ito ay may deeper root cause na dapat i-address hindi lang ang symptoms']
"grabe ang propaganda machinery ng iilang politiko, ilang beses pa nilang uulitin ang kasinungalingan","['grabe ang propaganda machinery ng iilang politiko, ilang beses pa nilang uulitin ang kasinungalingan']"
"I'm hopeful na may mga honest officials pa rin, we just need to support them","['I'm hopeful na may mga honest officials pa rin, we just need to support them']"
"nakakaiyak ang mga stories ng mga bata na gutom, in a country na mayaman sa likas yaman","['nakakaiyak ang mga stories ng mga bata na gutom, in a country na mayaman sa likas yaman']"
"grabe ang inequality, the rich are getting richer and the poor are struggling more","['grabe ang inequality, the rich are getting richer and the poor are struggling more']"
"sana may universal basic income tayo, just to ensure no one goes hungry","['sana may universal basic income tayo, just to ensure no one goes hungry']"
yung debate sa economics ay complex pero the basic question is para kanino ang growth?,"['yung debate sa economics ay complex', 'pero the basic question is para kanino ang growth?']"
"grabe ang traffic sa provincial roads din, hindi lang sa Metro Manila ang problema","['grabe ang traffic sa provincial roads din, hindi lang sa Metro Manila ang problema']"
"nakakainis ang corrupt tollway operators, binabayaran mo ng mahal tapos palpak pa","['nakakainis ang corrupt tollway operators, binabayaran mo ng mahal', 'tapos palpak pa']"
I commute 4 hours every day and it's destroying my mental health,['I commute 4 hours every day and it's destroying my mental health']
"grabe ang buhay ng tricycle drivers, they earn so little pero risk ang buhay nila","['grabe ang buhay ng tricycle drivers, they earn so little', 'pero risk ang buhay nila']"
"sana mag-invest ang gobyerno sa rail infrastructure, game changer yan","['sana mag-invest ang gobyerno sa rail infrastructure, game changer yan']"
yung tanim bala at airport corruption is embarrassing for the country,['yung tanim bala at airport corruption is embarrassing for the country']
"grabe ang pasaporte issue, mahirap kumuha at matagal pa ang proseso","['grabe ang pasaporte issue, mahirap kumuha at matagal pa ang proseso']"
"nakakainis na walang efficient na government services, digitalize na kaya","['nakakainis na walang efficient na government services, digitalize na', 'kaya']"
"I had to fix a birth certificate and it took months, sakit sa ulo","['I had to fix a birth certificate and it took months, sakit sa ulo']"
"grabe ang red tape sa gobyerno, simpleng transaksyon tapos araw-araw ka pupunta","['grabe ang red tape sa gobyerno, simpleng transaksyon', 'tapos araw-araw ka pupunta']"
"sana ma-streamline ang mga government processes, para mas accessible sa lahat","['sana ma-streamline ang mga government processes, para mas accessible sa lahat']"
"yung news about the fishermen is heartbreaking, they're just doing their job","['yung news about the fishermen is heartbreaking, they're just doing their job']"
"grabe ang harassment ng foreign vessels sa ating territorial waters, kailan pa tayo aaksyon","['grabe ang harassment ng foreign vessels sa ating territorial waters, kailan pa tayo aaksyon']"
"nakakainis ang diplomatic doublespeak, just say what the actual policy is","['nakakainis ang diplomatic doublespeak, just say what the actual policy is']"
"I support our fishermen, they deserve protection and a livelihood","['I support our fishermen, they deserve protection and a livelihood']"
"grabe ang issue sa West Philippine Sea, hindi ito dapat politikado","['grabe ang issue sa West Philippine Sea, hindi ito dapat politikado']"
"sana may malakas na foreign policy tayo, independent and principled","['sana may malakas na foreign policy tayo, independent and principled']"
"yung historical revisionism is a problem, we can't fix what we don't acknowledge","['yung historical revisionism is a problem, we can't fix what we don't acknowledge']"
"grabe ang gaslighting ng mga apologist ng martial law, alam ng victims kung ano nangyari","['grabe ang gaslighting ng mga apologist ng martial law, alam ng victims kung ano nangyari']"
"nakakaiyak ang testimonya ng mga torture survivors, hindi dapat makalimutan","['nakakaiyak ang testimonya ng mga torture survivors, hindi dapat makalimutan']"
"I studied history and the evidence is clear, hindi fairy tale ang naranasan ng mga biktima","['I studied history and the evidence is clear, hindi fairy tale ang naranasan ng mga biktima']"
"grabe ang nerve ng mga nagtatangkilik sa diktadurya, calling it golden age","['grabe ang nerve ng mga nagtatangkilik sa diktadurya, calling it golden age']"
sana mabigyan ng hustisya ang lahat ng biktima ng human rights violations,['sana mabigyan ng hustisya ang lahat ng biktima ng human rights violations']
"yung accountability ay hindi optional, it's the foundation of democracy","['yung accountability ay hindi optional, it's the foundation of democracy']"
"grabe ang disinformation campaign sa social media, industriya na ang pagsisinungaling","['grabe ang disinformation campaign sa social media, industriya na ang pagsisinungaling']"
"nakakainis ang troll farms, ginagawang weapon ang social media para palitin ang katotohanan","['nakakainis ang troll farms, ginagawang weapon ang social media para palitin ang katotohanan']"
"I fact-check everything now before sharing, please do the same","['I fact-check everything now before sharing, please do the same']"
"grabe ang impact ng fake news sa public opinion, napaniwala na ang marami sa kasinungalingan","['grabe ang impact ng fake news sa public opinion, napaniwala na ang marami sa kasinungalingan']"
"sana mas maraming media literacy programs, simula elementary dapat ito ituro","['sana mas maraming media literacy programs, simula elementary dapat ito ituro']"
"yung press freedom index ng Pinas is concerning, journalists should be protected","['yung press freedom index ng Pinas is concerning, journalists should be protected']"
"grabe ang mga red-tagged journalists, they're doing a public service","['grabe ang mga red-tagged journalists, they're doing a public service']"
"nakakaiyak ang mga nawawalang activists, families still searching for answers☹️","['nakakaiyak ang mga nawawalang activists, families still searching for answers☹️']"
"I stand with the families of victims of extrajudicial killings, justice must be served","['I stand with the families of victims of extrajudicial killings, justice must be served']"
"grabe ang culture of impunity, walang takot because they know malalaya rin sila","['grabe ang culture of impunity, walang takot because they know malalaya rin sila']"
"sana maging malakas ang independent judiciary natin, hindi puppet ng executive","['sana maging malakas ang independent judiciary natin, hindi puppet ng executive']"
"yung checks and balances ay kailangan, wala dapat na nasa labas ng batas","['yung checks and balances ay kailangan, wala dapat na nasa labas ng batas']"
"grabe ang judicial appointments na political ang basehan, hindi credentials","['grabe ang judicial appointments na political ang basehan, hindi credentials']"
"nakakainis na parang laro lang ang gobyerno para sa iilan, pero seryosong buhay sa amin","['nakakainis na parang laro lang ang gobyerno para sa iilan, pero seryosong buhay sa amin']"
"I just want to live a decent life in my own country, is that too much to ask","['I just want to live a decent life in my own country, is that too much to ask']"
"grabe ang brain drain, we're exporting our best people because we can't keep them here","['grabe ang brain drain, we're exporting our best people because we can't keep them here']"
sana dumating ang araw na ang Pilipinas ay magandang lugar para mabuhay at magtatag ng pamilya,['sana dumating ang araw na ang Pilipinas ay magandang lugar para mabuhay at magtatag ng pamilya']
yung nursing homes are understaffed and elderly care is being ignored,['yung nursing homes are understaffed and elderly care is being ignored']
"grabe ang neglect ng PWD community, hindi pa accessible ang karamihan ng public spaces","['grabe ang neglect ng PWD community, hindi pa accessible ang karamihan ng public spaces']"
"nakakainis ang tokenism, hindi lang isang ramp ang sapat para sabihing accessible na","['nakakainis ang tokenism, hindi lang isang ramp ang sapat para sabihing accessible na']"
I have a family member with disability and I know how hard it is to navigate the system,['I have a family member with disability and I know how hard it is to navigate the system']
"grabe ang mental health stigma sa Pinas, hinahayaan ang mga nagdurusa instead of helping","['grabe ang mental health stigma sa Pinas, hinahayaan ang mga nagdurusa instead of helping']"
"sana maging mas open tayo sa mental health conversations, it saves lives","['sana maging mas open tayo sa mental health conversations, it saves lives']"
yung suicide prevention programs are underfunded and understaffed,['yung suicide prevention programs are underfunded and understaffed']
"grabe ang pressure na nararamdaman ng mga young professionals, burnout is real","['grabe ang pressure na nararamdaman ng mga young professionals, burnout is real']"
"nakakainis ang hustle culture, rest is not laziness it's necessary","['nakakainis ang hustle culture, rest is not laziness it's necessary']"
"I quit my toxic job and I have no regrets, my mental health is worth more","['I quit my toxic job and I have no regrets, my mental health is worth more']"
"grabe ang exploitation ng mga workers especially sa BPO, night shift walang benefits","['grabe ang exploitation ng mga workers especially sa BPO, night shift walang benefits']"
"sana maging mas malakas ang labor rights enforcement, maraming naaaabuso","['sana maging mas malakas ang labor rights enforcement, maraming naaaabuso']"
yung contractualization is depriving workers of security and benefits,['yung contractualization is depriving workers of security and benefits']
"grabe ang gig economy trap, flexible pero walang safety net","['grabe ang gig economy trap, flexible', 'pero walang safety net']"
"nakakainis na ang hard work ay hindi enough, systemic changes are needed","['nakakainis na ang hard work ay hindi enough, systemic changes are needed']"
"I believe in the Filipino worker, pag binigyan ng tamang kondisyon extraordinary ang nagagawa nila","['I believe in the Filipino worker, pag binigyan ng tamang kondisyon extraordinary ang nagagawa nila']"
"grabe ang opportunities na nawala dahil sa covid pandemic, we're still recovering","['grabe ang opportunities na nawala dahil sa covid pandemic, we're still recovering']"
"sana mas maraming startup ecosystem support, maraming innovative Pilipinos","['sana mas maraming startup ecosystem support, maraming innovative Pilipinos']"
yung access to capital for small businesses is a major barrier to growth,['yung access to capital for small businesses is a major barrier to growth']
"grabe ang bureaucracy na hinaharap ng mga negosyante, simpleng business permit takes months","['grabe ang bureaucracy na hinaharap ng mga negosyante, simpleng business permit takes months']"
nakakatuwa na ang daming successful Pinoy entrepreneurs despite all the obstacles,['nakakatuwa na ang daming successful Pinoy entrepreneurs despite all the obstacles']
"I started my own small business and it's hard but fulfilling, support small business guys","['I started my own small business and it's hard but fulfilling, support small business guys']"
"grabe ang market dominance ng malalaking conglomerates, walang room para sa maliliit","['grabe ang market dominance ng malalaking conglomerates, walang room para sa maliliit']"
sana may mas fair na playing field para sa lahat ng negosyo,['sana may mas fair na playing field para sa lahat ng negosyo']
yung agrarian reform was supposed to help farmers but implementation is patchy,['yung agrarian reform was supposed to help farmers but implementation is patchy']
"grabe ang issue ng land grabbing, farmers being displaced from lands they've worked for years","['grabe ang issue ng land grabbing, farmers being displaced from lands they've worked for years']"
"nakakaiyak ang sitwasyon ng mga magsasaka, pinaka-important sector pero pinakanapabayaan","['nakakaiyak ang sitwasyon ng mga magsasaka, pinaka-important sector', 'pero pinakanapabayaan']"
"I grew up in a farming family and I know how hard it is, please respect farmers","['I grew up in a farming family and I know how hard it is, please respect farmers']"
grabe ang post-harvest losses dahil kulang sa infrastructure at cold chain facilities,['grabe ang post-harvest losses dahil kulang sa infrastructure at cold chain facilities']
"sana mag-modernize ang agricultural sector, mahalaga para sa food security","['sana mag-modernize ang agricultural sector, mahalaga para sa food security']"
"yung fisherfolk are also being marginalized, we need to protect our maritime resources","['yung fisherfolk are also being marginalized, we need to protect our maritime resources']"
"grabe ang overfishing issue, we're depleting our own resources","['grabe ang overfishing issue, we're depleting our own resources']"
nakakainis ang illegal fishing especially ng foreign vessels sa ating waters,['nakakainis ang illegal fishing especially ng foreign vessels sa ating waters']
I love seafood pero nagiging conscious na rin ako sa sustainability,"['I love seafood', 'pero nagiging conscious na rin ako sa sustainability']"
"grabe ang biodiversity loss sa Pinas, we're losing species before we even discover them","['grabe ang biodiversity loss sa Pinas, we're losing species before we even discover them']"
"sana maging mas serious ang conservation efforts, hindi lang pabida sa internasyon","['sana maging mas serious ang conservation efforts, hindi lang pabida sa internasyon']"
"yung indigenous peoples are the best stewards of their ancestral lands, support their rights","['yung indigenous peoples are the best stewards of their ancestral lands, support their rights']"
grabe ang displacement ng indigenous communities for development projects,['grabe ang displacement ng indigenous communities for development projects']
"nakakaiyak ang cultural erosion ng mga indigenous peoples, centuries of tradition being lost","['nakakaiyak ang cultural erosion ng mga indigenous peoples, centuries of tradition being lost']"
"I learned about their culture and it's beautiful, we should preserve it not erase it","['I learned about their culture and it's beautiful, we should preserve it not erase it']"
"grabe ang discrimination against lumad communities, they're citizens too","['grabe ang discrimination against lumad communities, they're citizens too']"
sana kilalanin at igalang ang karapatan ng lahat ng Pilipino anuman ang pinanggalingan,['sana kilalanin at igalang ang karapatan ng lahat ng Pilipino anuman ang pinanggalingan']
yung peace process in Mindanao needs sustained commitment from all parties,['yung peace process in Mindanao needs sustained commitment from all parties']
"grabe ang suffering ng communities affected by armed conflict, enough na","['grabe ang suffering ng communities affected by armed conflict, enough na']"
"nakakaiyak ang mga bata na lumaki sa gitna ng giyera, they deserve a peaceful childhood","['nakakaiyak ang mga bata na lumaki sa gitna ng giyera, they deserve a peaceful childhood']"
I pray for lasting peace in Mindanao and in the whole country,['I pray for lasting peace in Mindanao and in the whole country']
"grabe ang need for reconciliation and healing, we've been divided too long","['grabe ang need for reconciliation and healing, we've been divided too long']"
"sana mas maraming dialogue at less violence, kaya nating resolbahin ang mga pagkakaiba","['sana mas maraming dialogue at less violence, kaya nating resolbahin ang mga pagkakaiba']"
yung federalism debate is interesting but we need to address corruption first,['yung federalism debate is interesting but we need to address corruption first']
grabe ang disconnect ng mga nasa itaas sa realidad ng mga nasa baba,['grabe ang disconnect ng mga nasa itaas sa realidad ng mga nasa baba']
"nakakainis ang survey-based governance, do what's right not what's popular","['nakakainis ang survey-based governance, do what's right not what's popular']"
I wish politicians would have the courage to do the hard but right thing,['I wish politicians would have the courage to do the hard but right thing']
"grabe ang short-termism in politics, walang nagpaplano para sa susunod na henerasyon","['grabe ang short-termism in politics, walang nagpaplano para sa susunod na henerasyon']"
"sana mag-think long term ang ating mga lider, hindi lang para sa susunod na eleksyon","['sana mag-think long term ang ating mga lider, hindi lang para sa susunod na eleksyon']"
yung pension system is underfunded and retirees are struggling,['yung pension system is underfunded and retirees are struggling']
"grabe ang situation ng senior citizens, marami walang social security","['grabe ang situation ng senior citizens, marami walang social security']"
nakakaiyak ang mga lolo at lola na nangongolekta ng basura para may makain,['nakakaiyak ang mga lolo at lola na nangongolekta ng basura para may makain']
"I give when I can to elderly people I see struggling, small acts matter","['I give when I can to elderly people I see struggling, small acts matter']"
"grabe ang loneliness epidemic, older people being neglected by families and society","['grabe ang loneliness epidemic, older people being neglected by families and society']"
sana may mas malakas na social protection system tayo para sa lahat,['sana may mas malakas na social protection system tayo para sa lahat']
yung conditional cash transfer program is good pero not enough,"['yung conditional cash transfer program is good', 'pero not enough']"
"grabe ang targeting problems sa social welfare programs, hindi lahat ng mahirap ay naaabot","['grabe ang targeting problems sa social welfare programs, hindi lahat ng mahirap ay naaabot']"
"nakakainis ang politicization ng ayuda, ginagawang pabor hindi karapatan","['nakakainis ang politicization ng ayuda, ginagawang pabor hindi karapatan']"
I think social welfare should be a right not a political tool,['I think social welfare should be a right not a political tool']
"grabe ang shame na nararamdaman ng mga tumatanggap ng ayuda, hindi dapat ganyan","['grabe ang shame na nararamdaman ng mga tumatanggap ng ayuda, hindi dapat ganyan']"
"sana mabawasan ang stigma sa poverty, hindi kasalanan ng mahihirap ang kahirapan nila","['sana mabawasan ang stigma sa poverty, hindi kasalanan ng mahihirap ang kahirapan nila']"
yung systemic issues are being ignored while we blame individuals for their poverty,['yung systemic issues are being ignored while we blame individuals for their poverty']
"grabe ang victim blaming culture, parang kasalanan ng biktima ang krimen","['grabe ang victim blaming culture, parang kasalanan ng biktima ang krimen']"
nakakainis ang lack of empathy ng mga hindi nakaranas ng kahirapan,['nakakainis ang lack of empathy ng mga hindi nakaranas ng kahirapan']
"I grew up poor and I know the judgment people throw at you, be kind","['I grew up poor and I know the judgment people throw at you, be kind']"
"grabe ang classism sa Pinas, the way poor people are treated is dehumanizing","['grabe ang classism sa Pinas, the way poor people are treated is dehumanizing']"
"sana maging mas compassionate ang ating lipunan, we're all in this together","['sana maging mas compassionate ang ating lipunan, we're all in this together']"
"yung charity is not enough, we need structural change","['yung charity is not enough, we need structural change']"
"grabe ang inequality in access to justice, only the rich can afford good lawyers","['grabe ang inequality in access to justice, only the rich can afford good lawyers']"
nakakaiyak ang mga prisoners languishing in jail without trial for years,['nakakaiyak ang mga prisoners languishing in jail without trial for years']
"I believe in rehabilitation not just punishment, we need to reform the prison system","['I believe in rehabilitation not just punishment, we need to reform the prison system']"
"grabe ang overcrowding sa jails, it's a human rights issue","['grabe ang overcrowding sa jails, it's a human rights issue']"
sana maging mas humane ang criminal justice system natin,['sana maging mas humane ang criminal justice system natin']
"yung drug war approach failed, we need public health solutions","['yung drug war approach failed, we need public health solutions']"
"grabe ang lives lost in the war on drugs, those were fathers and mothers and children","['grabe ang lives lost in the war on drugs, those were fathers and mothers and children']"
"nakakaiyak ang mga pamilya ng mga biktima, walang closure at walang hustisya","['nakakaiyak ang mga pamilya ng mga biktima, walang closure at walang hustisya']"
I think drug addiction is a health problem not a criminal problem,['I think drug addiction is a health problem not a criminal problem']
"grabe ang stigma against people struggling with addiction, they need help not jail","['grabe ang stigma against people struggling with addiction, they need help not jail']"
sana mag-shift ang approach sa harm reduction at treatment,['sana mag-shift ang approach sa harm reduction at treatment']
"yung issue about confidential funds is concerning, where did the money go?","['yung issue about confidential funds is concerning, where did the money go?']"
"grabe ang lack of transparency sa gobyerno, we have a right to know","['grabe ang lack of transparency sa gobyerno, we have a right to know']"
"nakakainis ang executive privilege defense, can't hide everything behind that","['nakakainis ang executive privilege defense, can't hide everything behind that']"
"I believe in government accountability, every peso should be accounted for","['I believe in government accountability, every peso should be accounted for']"
"grabe ang audit findings na nai-report ng COA, pero walang nagcoconsequences","['grabe ang audit findings na nai-report ng COA, pero walang nagcoconsequences']"
sana maging may ngipin ang oversight bodies natin,['sana maging may ngipin ang oversight bodies natin']
yung decriminalization of poverty-related offenses is long overdue,['yung decriminalization of poverty-related offenses is long overdue']
grabe ang criminalization ng pagpapastol at ibang gawaing pangkabuhayan ng mahihirap,['grabe ang criminalization ng pagpapastol at ibang gawaing pangkabuhayan ng mahihirap']
nakakaiyak ang mga bata na naaaresto para sa maliliit na krimen ng desperasyon,['nakakaiyak ang mga bata na naaaresto para sa maliliit na krimen ng desperasyon']
"I support restorative justice approaches, punishment is not always the answer","['I support restorative justice approaches, punishment is not always the answer']"
"grabe ang poverty trap, parang designed ang sistema para mahirap makawala","['grabe ang poverty trap, parang designed ang sistema para mahirap makawala']"
"sana mas maraming pathways papalabas sa kahirapan, education, livelihood, health","['sana mas maraming pathways papalabas sa kahirapan, education, livelihood, health']"
yung social mobility is almost impossible without connections or luck sa Pinas,['yung social mobility is almost impossible without connections or luck sa Pinas']
"grabe ang need para sa meritocracy, hindi koneksyon ang basehan ng tagumpay","['grabe ang need para sa meritocracy, hindi koneksyon ang basehan ng tagumpay']"
nakakainis ang old boys network sa corporate at government sectors,['nakakainis ang old boys network sa corporate at government sectors']
I made it through hard work pero I acknowledge na marami akong advantages na wala sa iba,"['I made it through hard work', 'pero I acknowledge na marami akong advantages na wala sa iba']"
"grabe ang imposter syndrome ng mga first-gen professionals, you belong here","['grabe ang imposter syndrome ng mga first-gen professionals, you belong here']"
sana maging mas inclusive ang mga espasyo ng oportunidad,['sana maging mas inclusive ang mga espasyo ng oportunidad']
yung story of resilience is beautiful pero we shouldn't need to be resilient to such things,"['yung story of resilience is beautiful', 'pero we shouldn't need to be resilient to such things']"
grabe ang burden na inilalagay sa mga indibidwal sa sistema na dapat ang problema,['grabe ang burden na inilalagay sa mga indibidwal sa sistema na dapat ang problema']
nakakatuwa at nakakaiyak na kailangang maging bayani para lang mabuhay nang maayos,['nakakatuwa at nakakaiyak na kailangang maging bayani para lang mabuhay nang maayos']
"I believe we can build a better Philippines, it won't be easy pero kaya natin","['I believe we can build a better Philippines, it won't be easy', 'pero', 'kaya natin']"
"grabe ang daming dapat gawin pero start na tayo, even small steps matter","['grabe ang daming dapat gawin', 'pero start na tayo, even small steps matter']"
"sana mas maraming Pilipinong involved sa pagbabago, not just online pero sa aktwal na buhay","['sana mas maraming Pilipinong involved sa pagbabago, not just online', 'pero sa aktwal na buhay']"
Damn bumabawi si Senator Erwin! Im all for him now.,"['Damn bumabawi si Senator Erwin!', 'Im all for him now.']"
like na kita Erwin Tulfo,['like na kita Erwin Tulfo']
I think kaya pinipilit ng senate majority na mag online voting para makapagboto si Bato,"['I think', 'kaya pinipilit ng senate majority na mag online voting para makapagboto si Bato']"
11 BEST SENATE OF THE PHILIPPINES SO FAR my mga Paninindigan 👑🇵🇭🇵🇭🇵🇭,['11 BEST SENATE OF THE PHILIPPINES SO FAR my mga Paninindigan 👑🇵🇭🇵🇭🇵🇭']
Tama ba pagkakaintindi ko kay Cayetano? Need bumoto and AFTER na lang ang discussion? Anong klaseng process yan?,"['Tama ba pagkakaintindi ko kay Cayetano?', 'Need bumoto and AFTER na lang ang discussion?', 'Anong klaseng process yan?']"
Bkit hindi nyo i stream yung laban ni ej vs vitrum,['Bkit hindi nyo i stream yung laban ni ej vs vitrum']
"fun fact: pwede na kayo mag repost, press nyo lang ng matagal yung like","['fun fact: pwede na kayo mag repost, press nyo lang ng matagal yung like']"
"Lawyer or not, you should understand that Risa is right. They should allow someone to attend through video conference, especially during an emergency. But look at the Senate majority they seem to be in a hurry because some of them might end up in jail, while another one is already wanted.
 Marcoleta may be a lawyer, but he is not following the law. Instead, he is protecting someone. This issue is not about whether a person is a lawyer or not; it is about understanding the law and choosing to follow it. The Senate majority appears afraid because many of them are allegedly connected to the flood control scandal.
 At the same time, speaking without enough knowledge can also be harmful. That is why people should first understand the facts before making accusations or conclusions.","['Lawyer or not, you should understand that Risa is right.', 'They should allow someone to attend through video conference, especially during an emergency.', 'But look at the Senate majority they seem to be in a hurry because some of them might end up in jail, while another one is already wanted.', 'Marcoleta may be a lawyer, but he is not following the law.', 'Instead, he is protecting someone.', 'This issue is not about whether a person is a lawyer or not; it is about understanding the law and choosing to follow it.', 'The Senate majority appears afraid because many of them are allegedly connected to the flood control scandal.', 'At the same time, speaking without enough knowledge can also be harmful.', 'That is why people should first understand the facts before making accusations or conclusions.']"
eh diba nasa rule din naman na di ka pwede mag online unless may calamity or what?,['eh diba nasa rule din naman na di ka pwede mag online unless may calamity or what?']
2018 pa yang request ni marcoleta? Kyo ng file nyan dati for Delima?,"['2018 pa yang request ni marcoleta?', 'Kyo ng file nyan dati for Delima?']"
"For DDS:
 📌Muntinlupa RTC Ruling (2020):
 During the detention of former Senator Leila de Lima, the trial court ruled that detention does not qualify as a force majeure. Consequently, she was not allowed to attend or participate in Senate proceedings via videoconferencing.
 Tapos sa nagtatago, papayagan?","['For DDS:', '📌Muntinlupa RTC Ruling (2020):', 'During the detention of former Senator Leila de Lima, the trial court ruled that detention does not qualify as a force majeure.', 'Consequently, she was not allowed to attend or participate in Senate proceedings via videoconferencing.', 'Tapos sa nagtatago, papayagan?']"
nasan yung kanta ni mzhayt na about kay duterte?,['nasan yung kanta ni mzhayt na about kay duterte?']
"Pagaaralan pa daw muna ang pagrerelocate, so it means it’not in their plan in the first place.","['Pagaaralan pa daw muna ang pagrerelocate, so it means it’not in their plan in the first place.']"
Ta is nga DENR,['Ta is nga DENR']
Di niyo pinag aralan bago niyo iapprove? Kailangan muna ba mag balita bago marealize? Department of Environment and Natural Resources na kayo niyan?,"[''Di niyo pinag aralan bago niyo iapprove?', 'Kailangan muna ba mag balita bago marealize?', 'Department of Environment and Natural Resources na kayo niyan?']"
Why sinunspende ng DENR yung pag putol? kasi na call out na?,['Why sinunspende ng DENR yung pag putol? kasi na call out na?']
Mas bagay ang meaning na to➡️Destroyer of Environment and Natural Resources.,['Mas bagay ang meaning na to➡️Destroyer of Environment and Natural Resources.']
papalitan niyo ng seedlings? sa ibang lugar? So bahala na ang mga residente ng Quirino Avenue kasi may seedlings lang naman sa malayo,"['papalitan niyo ng seedlings? sa ibang lugar?', 'So bahala na ang mga residente ng Quirino Avenue', 'kasi may seedlings lang naman sa malayo']"
please! also protect the corals! bo is sit si denr,['please! also protect the corals! bo is sit si denr']
what the??? Ano baa.,"['what the???', 'Ano baa.']"
Ang point ng video is pointless 😂,['Ang point ng video is pointless 😂']
So hindi muna pinag-aralan pala?,['So hindi muna pinag-aralan pala?']
sino exactly and nag bigay ng permit jan from DENR,['sino exactly and nag bigay ng permit jan from DENR']
Ngayon big deal na sa kanila yung legal background na kala mo naman lahat ng senador na nandyan e atty or what 😔,['Ngayon big deal na sa kanila yung legal background na kala mo naman lahat ng senador na nandyan e atty or what 😔']
"TitoSen, Erwin Tulfo, Lacson, The best alyansa talaga! you did not let us down! kulang lang si abalos!","['TitoSen, Erwin Tulfo, Lacson, The best alyansa talaga! you did not let us down! kulang lang si abalos!']"
"To those who are asking what happened, well Cayetano (senate president) wants bato to attend pero online! LIKE WHAT??? And Cayetano added pa na mag botohan raw kung sino ang agree!! That's why Risa, Bam, Lito, Win and other senators walked out.
 My resource:GMA news","['To those who are asking what happened, well Cayetano (senate president) wants bato to attend', 'pero online!', 'LIKE WHAT???', 'And Cayetano added pa na mag botohan raw kung sino ang agree!!', 'That's why Risa, Bam, Lito, Win and other senators walked out.', 'My resource:GMA news']"
where the lie sa sinabi ni sen. tulfo tho?,['where the lie sa sinabi ni sen. tulfo tho?']
sana makahanap ako ng trabaho na kaya ding i adjust ang onsite work into wfh para lang saakin ☺️,"['sana makahanap ako ng trabaho na', 'kaya ding i adjust ang onsite work into wfh para lang saakin ☺️']"
"Maganda yung battle match nato 1000/10. May sense, may tema, may punto at makaka relate lahat ng Pilipino. Parehas panalo for me🔥","['Maganda yung battle match nato 1000/10.', 'May sense, may tema, may punto at makaka relate lahat ng Pilipino.', 'Parehas panalo for me🔥']"
hii its a prank hindi sira speaker mo,['hii its a prank hindi sira speaker mo']
"Senate Resolution No. 391 was filed in May 2017 by then-Senator Francis ""Kiko"" Pangilinan to allow detained Senator Leila de Lima to participate and vote on legislation, subject to court approval.","['Senate Resolution No. 391 was filed in May 2017 by then-Senator Francis ""Kiko"" Pangilinan to allow detained Senator Leila de Lima to participate and vote on legislation, subject to court approval.']"
"To those who are asking what happened, a proposal was raised in the Senate to amend the rules so that senators can participate in sessions remotely through teleconferencing, including during the ongoing impeachment court proceedings. The majority bloc supported discussing and possibly voting on the measure, saying it would allow senators who are unable to physically attend—due to travel, health, or other reasons—to still take part in official legislative work.
 .
 However, minority senators strongly objected, saying the timing and process of the proposal are inappropriate because it is being introduced during an ongoing impeachment trial. They raised concerns about transparency, public trust, and the possibility that rule changes could affect how the proceedings are conducted. Due to the disagreement, several minority senators walked out, which resulted in the loss of quorum and temporarily stopped the Senate session from proceeding.
 credits to ate who spread this!","['To those who are asking what happened, a proposal was raised in the Senate to amend the rules so that senators can participate in sessions remotely through teleconferencing, including during the ongoing impeachment court proceedings.', 'The majority bloc supported discussing and possibly voting on the measure, saying it would allow senators who are unable to physically attend—due to travel, health, or other reasons—to still take part in official legislative work.', 'However, minority senators strongly objected, saying the timing and process of the proposal are inappropriate because it is being introduced during an ongoing impeachment trial.', 'They raised concerns about transparency, public trust, and the possibility that rule changes could affect how the proceedings are conducted.', 'Due to the disagreement, several minority senators walked out, which resulted in the loss of quorum and temporarily stopped the Senate session from proceeding.', 'credits to ate who spread this!']"
"i was told that our past government (not prrd nor pnoy, mas luma pa sa kanila) ang mga nasa position daw ay mga economista, abogado, at mga doctor daw. sana magging batas din na dapat may background tulad ng ganto ulit","['i was told that our past government (not prrd nor pnoy, mas luma pa sa kanila) ang mga nasa position daw ay mga economista, abogado, at mga doctor daw. sana magging batas din na dapat may background tulad ng ganto ulit']"
gets ko na . kasi dati si Trillanes dati hindi sya pinayagan c de Lima hindi din pinayagan lalo na c Enrile. kaya gusto ni Cayetano na pagbotohan kasi lamang sila sa bilang . so sure na pwde si bato makaboto via zoom .. wala naman pandemic bakit kailangan mag online voting .bakit pilit baliin Yun rules?,"['gets ko na . kasi dati si Trillanes dati hindi sya pinayagan c de Lima hindi din pinayagan lalo na c Enrile. kaya gusto ni Cayetano na pagbotohan', 'kasi lamang sila sa bilang . so sure na pwde si bato makaboto via zoom .. wala naman pandemic bakit kailangan mag online voting .bakit pilit baliin Yun rules?']"
legal background ni Robin is yung mapuno.,['legal background ni Robin is yung mapuno.']
"fun fact: pwede na kayo mag repost, pindutin nyo lang ng matagal yung like","['fun fact: pwede na kayo mag repost, pindutin nyo lang ng matagal yung like']"
"My Mali ang balitang ito d nyo pinalabas Yung linya na maganda, my Mali dito","['My Mali ang balitang ito d nyo pinalabas Yung linya na maganda, my Mali dito']"
"Thank God, kakalabas lang namin that time🥺","['Thank God, kakalabas lang namin that time🥺']"
kidapawan city north Cotabato Po. Kasi pag Cotabato lng. saan Banda sa Cotabato. my Cotabato city at my south Cotabato,"['kidapawan city north Cotabato Po.', 'Kasi pag Cotabato lng. saan Banda sa Cotabato. my Cotabato city at my south Cotabato']"
"Naranasan naman namin sa Gaisano Cebu ngkasunod sa parking lot. Grabe parang zombie tsunami palabs from 4th flr pa kami, baba agad kami, ksama baby pa","['Naranasan naman namin sa Gaisano Cebu ngkasunod sa parking lot.', 'Grabe parang zombie tsunami palabs from 4th flr pa kami, baba agad kami, ksama baby pa']"
"ako na since childhood may fear ako sa escalator, like everytime na aapak ako dyan nangangatog ako sa kaba HAHAHAHAHA","['ako na since childhood may fear ako sa escalator, like everytime na aapak ako dyan nangangatog ako sa kaba HAHAHAHAHA']"
grabe 'no kahit saan tlga my aksidente kahit di mo gustuhin..,['grabe 'no kahit saan tlga my aksidente kahit di mo gustuhin..']
dpat talaga with law background yung tatakbo bilang senator.,['dpat talaga with law background yung tatakbo bilang senator.']
"ok lang nmn onoine voting,voting online voting nga sa election pwede dba so why not ito ay di pwede","['ok lang nmn onoine voting,voting online voting nga sa election pwede dba so why not ito ay di pwede']"
Pag-aaralan kung kailan naputol na? Are we going backward? grabeng thinking yarn,"['Pag-aaralan kung kailan naputol na?', 'Are we going backward? grabeng thinking yarn']"
bat di manlang inisip ng DENR Yan bago nila I approve nila?,['bat di manlang inisip ng DENR Yan bago nila I approve nila?']
Maipagpilitan lng ung project. Pra s budget na nman kc. So kelan lalaki ung 50k seedlings? Kaya today?,"['Maipagpilitan lng ung project.', 'Pra s budget na nman kc.', 'So kelan lalaki ung 50k seedlings?', 'Kaya today?']"
"kung kelan nakaputol na ng marami? plus di lang basta puno, yung mga klase ng puno na pinutol is bihira na lang makita sa metro manila","['kung kelan nakaputol na ng marami? plus di lang basta puno, yung mga klase ng puno na pinutol is bihira na lang makita sa metro manila']"
Pag aaralan pa ang relocation? Kaya pala ang bilis maka approve sa pagputol kasi tinatamad pala maghanap ng pang relocation in the first place,"['Pag aaralan pa ang relocation?', 'Kaya pala ang bilis maka approve sa pagputol', 'kasi tinatamad pala maghanap ng pang relocation in the first place']"
E ano ngayon??? Sara padin for impeachment 💚💚💚💚💚,"['E ano ngayon???', 'Sara padin for impeachment 💚💚💚💚💚']"
eh wala nmn tlaga eh db nga personal is guilt hahaha,['eh wala nmn tlaga eh db nga personal is guilt hahaha']
"hindi ngani bagong motion yun nganiii, kasi may 11 pa ngani yung motion na yun nganii, tas mapapag-usapan na yan ngani kung minamadali ba o hindi ngani kung na approved na ang motion nganiii. plenary actions was already valid na ngani, kaya no need to restart the process nganiii","['hindi ngani bagong motion yun nganiii, kasi may 11 pa ngani yung motion na yun nganii, tas mapapag-usapan na yan ngani kung minamadali ba o hindi ngani kung na approved na ang motion nganiii. plenary actions was already valid na ngani, kaya no need to restart the process nganiii']"
I think you were wrong. There's no war in Ba Sing SE,"['I think you were wrong.', 'There's no war in Ba Sing SE']"
hoyy ate pupunta kmi bukas sa sm mall bibili kmi Ng school supplies ko 😭huhu bakit nmn I'm scared na😭😭,['hoyy ate pupunta kmi bukas sa sm mall bibili kmi Ng school supplies ko 😭huhu bakit nmn I'm scared na😭😭']
"Ngayon nyo pa lang pag-aaralan na i-relocate? Hindi naging option yon before mag start yung project? 🤦🏻‍♀️Nasaan na seedlings? Wala pa rin, naputol na wala pa ipampapalit? Ano balak sa areas na pinutulan ng puno, urban gardening? Ano at magkano naman plano doon? 🙄","['Ngayon nyo pa lang pag-aaralan na i-relocate?', 'Hindi naging option yon before mag start yung project? 🤦🏻‍♀️Nasaan na seedlings?', 'Wala pa rin, naputol na wala pa ipampapalit?', 'Ano balak sa areas na pinutulan ng puno, urban gardening?', 'Ano at magkano naman plano doon? 🙄']"
"ang dami dami dapat i critique sa video tas sasabi nyo ""eh ano namn?"" deym","['ang dami dami dapat i critique sa video tas sasabi nyo ""eh ano namn?"" deym']"
"former General, why kami magugulat ?","['former General, why kami magugulat ?']"
Alam na this,['Alam na this']
ok so magwalkout na lang? 😂,['ok so magwalkout na lang? 😂']
HINDI PA TALAGA HANDA ANG ILANG NASA GOBYERNO NA MARINIG ANG KATOTOHANAN NG DI NAPIPIKON! nakalimot si hontiveros sa resolution nila about de lima.,['HINDI PA TALAGA HANDA ANG ILANG NASA GOBYERNO NA MARINIG ANG KATOTOHANAN NG DI NAPIPIKON! nakalimot si hontiveros sa resolution nila about de lima.']